Inicio,Latitud,Longitud,Fin,,,Distancia
Av. Raul Ferrero 1139 - La Molina 15024,-12.0899728,-76.9489250,LM-119 688 - La Molina 15023,-12.0664305,-76.9593000,5.15
Av. Raul Ferrero 1139 - La Molina 15024,-12.0899728,-76.9489250,El Carrizal 265 - La Molina 15012,-12.0633707,-76.9571991,11.14
Av. Raul Ferrero 1139 - La Molina 15024,-12.0899728,-76.9489250,Av. la Fontana 955 - La Molina 15024,-12.0733000,-76.9480494,5.01
Av. Raul Ferrero 1139 - La Molina 15024,-12.0899728,-76.9489250,Av. Javier Prado Este 4921 - La Molina 15023,-12.0913212,-76.9510361,0.75
Av. Raul Ferrero 1139 - La Molina 15024,-12.0899728,-76.9489250,894 - Av. Flora Tristan 956 - La Molina 15012,-12.0635850,-76.9453729,7.99
Av. Raul Ferrero 1139 - La Molina 15024,-12.0899728,-76.9489250,Calle Toulon 155 - La Molina 15023,-12.0722000,-76.9526652,7.26
Jr. Centenario 156 - La Molina 15026,-12.0695625,-76.9369370,LM-119 688 - La Molina 15023,-12.0664305,-76.9593000,6.77
Jr. Centenario 156 - La Molina 15026,-12.0695625,-76.9369370,El Carrizal 265 - La Molina 15012,-12.0633707,-76.9571991,6.36
Jr. Centenario 156 - La Molina 15026,-12.0695625,-76.9369370,Av. la Fontana 955 - La Molina 15024,-12.0733000,-76.9480494,2.34
Jr. Centenario 156 - La Molina 15026,-12.0695625,-76.9369370,Av. Javier Prado Este 4921 - La Molina 15023,-12.0913212,-76.9510361,7.78
Jr. Centenario 156 - La Molina 15026,-12.0695625,-76.9369370,894 - Av. Flora Tristan 956 - La Molina 15012,-12.0635850,-76.9453729,3.10
Jr. Centenario 156 - La Molina 15026,-12.0695625,-76.9369370,Calle Toulon 155 - La Molina 15023,-12.0722000,-76.9526652,4.78
Av. la Fontana Mz C-6 - La Molina 15024,-12.0732210,-76.9503830,LM-119 688 - La Molina 15023,-12.0664305,-76.9593000,4.48
Av. la Fontana Mz C-6 - La Molina 15024,-12.0732210,-76.9503830,El Carrizal 265 - La Molina 15012,-12.0633707,-76.9571991,2.40
Av. la Fontana Mz C-6 - La Molina 15024,-12.0732210,-76.9503830,Av. la Fontana 955 - La Molina 15024,-12.0733000,-76.9480494,0.93
Av. la Fontana Mz C-6 - La Molina 15024,-12.0732210,-76.9503830,Av. Javier Prado Este 4921 - La Molina 15023,-12.0913212,-76.9510361,3.62
Av. la Fontana Mz C-6 - La Molina 15024,-12.0732210,-76.9503830,894 - Av. Flora Tristan 956 - La Molina 15012,-12.0635850,-76.9453729,2.17
Av. la Fontana Mz C-6 - La Molina 15024,-12.0732210,-76.9503830,Calle Toulon 155 - La Molina 15023,-12.0722000,-76.9526652,0.75
Av. Separadora Industrial 2115 - Lima 15012,-12.0629980,-76.9602294,LM-119 688 - La Molina 15023,-12.0664305,-76.9593000,0.71
Av. Separadora Industrial 2115 - Lima 15012,-12.0629980,-76.9602294,El Carrizal 265 - La Molina 15012,-12.0633707,-76.9571991,0.92
Av. Separadora Industrial 2115 - Lima 15012,-12.0629980,-76.9602294,Av. la Fontana 955 - La Molina 15024,-12.0733000,-76.9480494,6.38
Av. Separadora Industrial 2115 - Lima 15012,-12.0629980,-76.9602294,Av. Javier Prado Este 4921 - La Molina 15023,-12.0913212,-76.9510361,8.93
Av. Separadora Industrial 2115 - Lima 15012,-12.0629980,-76.9602294,894 - Av. Flora Tristan 956 - La Molina 15012,-12.0635850,-76.9453729,5.95
Av. Separadora Industrial 2115 - Lima 15012,-12.0629980,-76.9602294,Calle Toulon 155 - La Molina 15023,-12.0722000,-76.9526652,3.57
C. las Caobas 118 - La Molina 15024,-12.0905000,-76.9497505,LM-119 688 - La Molina 15023,-12.0664305,-76.9593000,5.18
C. las Caobas 118 - La Molina 15024,-12.0905000,-76.9497505,El Carrizal 265 - La Molina 15012,-12.0633707,-76.9571991,5.63
C. las Caobas 118 - La Molina 15024,-12.0905000,-76.9497505,Av. la Fontana 955 - La Molina 15024,-12.0733000,-76.9480494,5.19
C. las Caobas 118 - La Molina 15024,-12.0905000,-76.9497505,Av. Javier Prado Este 4921 - La Molina 15023,-12.0913212,-76.9510361,0.31
C. las Caobas 118 - La Molina 15024,-12.0905000,-76.9497505,894 - Av. Flora Tristan 956 - La Molina 15012,-12.0635850,-76.9453729,8.18
C. las Caobas 118 - La Molina 15024,-12.0905000,-76.9497505,Calle Toulon 155 - La Molina 15023,-12.0722000,-76.9526652,3.71
Av. La Molina 1144 - Av. la Molina Este 11 - La Molina 15023,-12.0727657,-76.9564068,LM-119 688 - La Molina 15023,-12.0664305,-76.9593000,2.09
Av. La Molina 1144 - Av. la Molina Este 11 - La Molina 15023,-12.0727657,-76.9564068,El Carrizal 265 - La Molina 15012,-12.0633707,-76.9571991,3.77
Av. La Molina 1144 - Av. la Molina Este 11 - La Molina 15023,-12.0727657,-76.9564068,Av. la Fontana 955 - La Molina 15024,-12.0733000,-76.9480494,2.51
Av. La Molina 1144 - Av. la Molina Este 11 - La Molina 15023,-12.0727657,-76.9564068,Av. Javier Prado Este 4921 - La Molina 15023,-12.0913212,-76.9510361,7.73
Av. La Molina 1144 - Av. la Molina Este 11 - La Molina 15023,-12.0727657,-76.9564068,894 - Av. Flora Tristan 956 - La Molina 15012,-12.0635850,-76.9453729,5.74
Av. La Molina 1144 - Av. la Molina Este 11 - La Molina 15023,-12.0727657,-76.9564068,Calle Toulon 155 - La Molina 15023,-12.0722000,-76.9526652,1.51
Av. Raul Ferrero S/N - La Molina 15024,-12.0911000,-76.9500003,LM-119 688 - La Molina 15023,-12.0664305,-76.9593000,7.91
Av. Raul Ferrero S/N - La Molina 15024,-12.0911000,-76.9500003,El Carrizal 265 - La Molina 15012,-12.0633707,-76.9571991,8.59
Av. Raul Ferrero S/N - La Molina 15024,-12.0911000,-76.9500003,Av. la Fontana 955 - La Molina 15024,-12.0733000,-76.9480494,5.37
Av. Raul Ferrero S/N - La Molina 15024,-12.0911000,-76.9500003,Av. Javier Prado Este 4921 - La Molina 15023,-12.0913212,-76.9510361,0.32
Av. Raul Ferrero S/N - La Molina 15024,-12.0911000,-76.9500003,894 - Av. Flora Tristan 956 - La Molina 15012,-12.0635850,-76.9453729,8.37
Av. Raul Ferrero S/N - La Molina 15024,-12.0911000,-76.9500003,Calle Toulon 155 - La Molina 15023,-12.0722000,-76.9526652,5.73
jr. las - Calle Jr.Monte Caoba 152 - La Molina,-12.0910000,-76.9495000,LM-119 688 - La Molina 15023,-12.0664305,-76.9593000,7.94
jr. las - Calle Jr.Monte Caoba 152 - La Molina,-12.0910000,-76.9495000,El Carrizal 265 - La Molina 15012,-12.0633707,-76.9571991,11.47
jr. las - Calle Jr.Monte Caoba 152 - La Molina,-12.0910000,-76.9495000,Av. la Fontana 955 - La Molina 15024,-12.0733000,-76.9480494,7.10
jr. las - Calle Jr.Monte Caoba 152 - La Molina,-12.0910000,-76.9495000,Av. Javier Prado Este 4921 - La Molina 15023,-12.0913212,-76.9510361,0.31
jr. las - Calle Jr.Monte Caoba 152 - La Molina,-12.0910000,-76.9495000,894 - Av. Flora Tristan 956 - La Molina 15012,-12.0635850,-76.9453729,11.09
jr. las - Calle Jr.Monte Caoba 152 - La Molina,-12.0910000,-76.9495000,Calle Toulon 155 - La Molina 15023,-12.0722000,-76.9526652,3.81
LM-119 3795 - La Molina 15026,-12.0857628,-76.9075051,LM-119 688 - La Molina 15023,-12.0664305,-76.9593000,22.11
LM-119 3795 - La Molina 15026,-12.0857628,-76.9075051,El Carrizal 265 - La Molina 15012,-12.0633707,-76.9571991,16.35
LM-119 3795 - La Molina 15026,-12.0857628,-76.9075051,Av. la Fontana 955 - La Molina 15024,-12.0733000,-76.9480494,8.48
LM-119 3795 - La Molina 15026,-12.0857628,-76.9075051,Av. Javier Prado Este 4921 - La Molina 15023,-12.0913212,-76.9510361,13.17
LM-119 3795 - La Molina 15026,-12.0857628,-76.9075051,894 - Av. Flora Tristan 956 - La Molina 15012,-12.0635850,-76.9453729,13.17
LM-119 3795 - La Molina 15026,-12.0857628,-76.9075051,Calle Toulon 155 - La Molina 15023,-12.0722000,-76.9526652,18.86
Calle Toulon 155 - La Molina 15023,-12.0722000,-76.9526652,LM-119 688 - La Molina 15023,-12.0664305,-76.9593000,2.64
Calle Toulon 155 - La Molina 15023,-12.0722000,-76.9526652,El Carrizal 265 - La Molina 15012,-12.0633707,-76.9571991,1.99
Calle Toulon 155 - La Molina 15023,-12.0722000,-76.9526652,Av. la Fontana 955 - La Molina 15024,-12.0733000,-76.9480494,1.90
Calle Toulon 155 - La Molina 15023,-12.0722000,-76.9526652,Av. Javier Prado Este 4921 - La Molina 15023,-12.0913212,-76.9510361,3.84
Calle Toulon 155 - La Molina 15023,-12.0722000,-76.9526652,894 - Av. Flora Tristan 956 - La Molina 15012,-12.0635850,-76.9453729,2.26
Calle Toulon 155 - La Molina 15023,-12.0722000,-76.9526652,Av. Republica de Panama 3055 - San Isidro 15036,-12.0937126,-77.0211611,28.72
LM-119 1111 - La Molina 15024,-12.0723261,-76.9559000,LM-119 688 - La Molina 15023,-12.0664305,-76.9593000,2.04
LM-119 1111 - La Molina 15024,-12.0723261,-76.9559000,El Carrizal 265 - La Molina 15012,-12.0633707,-76.9571991,2.71
LM-119 1111 - La Molina 15024,-12.0723261,-76.9559000,Av. la Fontana 955 - La Molina 15024,-12.0733000,-76.9480494,3.16
LM-119 1111 - La Molina 15024,-12.0723261,-76.9559000,Av. Javier Prado Este 4921 - La Molina 15023,-12.0913212,-76.9510361,3.92
LM-119 1111 - La Molina 15024,-12.0723261,-76.9559000,894 - Av. Flora Tristan 956 - La Molina 15012,-12.0635850,-76.9453729,4.10
LM-119 1111 - La Molina 15024,-12.0723261,-76.9559000,Calle Toulon 155 - La Molina 15023,-12.0722000,-76.9526652,0.97
Jr. la Punta con - La Molina 15026,-12.0863000,-76.8996846,LM-119 688 - La Molina 15023,-12.0664305,-76.9593000,12.57
Jr. la Punta con - La Molina 15026,-12.0863000,-76.8996846,El Carrizal 265 - La Molina 15012,-12.0633707,-76.9571991,12.38
Jr. la Punta con - La Molina 15026,-12.0863000,-76.8996846,Av. la Fontana 955 - La Molina 15024,-12.0733000,-76.9480494,20.03
Jr. la Punta con - La Molina 15026,-12.0863000,-76.8996846,Av. Javier Prado Este 4921 - La Molina 15023,-12.0913212,-76.9510361,15.48
Jr. la Punta con - La Molina 15026,-12.0863000,-76.8996846,894 - Av. Flora Tristan 956 - La Molina 15012,-12.0635850,-76.9453729,10.20
Jr. la Punta con - La Molina 15026,-12.0863000,-76.8996846,Calle Toulon 155 - La Molina 15023,-12.0722000,-76.9526652,10.96
LM-119 688 - La Molina 15023,-12.0664305,-76.9593000,Av. Santiago de Surco 3642 - Santiago de Surco 15049,-12.1351000,-76.9967882,15.65
LM-119 688 - La Molina 15023,-12.0664305,-76.9593000,Av. Mariscal Ramon Castilla 1395 - Santiago de Surco 15048,-12.1363016,-77.0510150,46.12
LM-119 688 - La Molina 15023,-12.0664305,-76.9593000,Jr General Pedro Silva - Santiago de Surco 15054,-12.1572000,-76.9937934,29.13
LM-119 688 - La Molina 15023,-12.0664305,-76.9593000,El Polo 670 - Santiago de Surco 15023,-12.1015854,-76.9705000,7.38
LM-119 688 - La Molina 15023,-12.0664305,-76.9593000,Jiron Preciados 314 - Santiago de Surco 15038,-12.1266292,-76.9993891,21.70
LM-119 688 - La Molina 15023,-12.0664305,-76.9593000,Policlinico Municipal Surco Salud,-12.1442715,-77.0056793,18.12
El Carrizal 265 - La Molina 15012,-12.0633707,-76.9571991,Av. Santiago de Surco 3642 - Santiago de Surco 15049,-12.0664305,-76.9593000,1.11
El Carrizal 265 - La Molina 15012,-12.0633707,-76.9571991,Av. Mariscal Ramon Castilla 1395 - Santiago de Surco 15048,-12.1363016,-77.0510150,47.53
El Carrizal 265 - La Molina 15012,-12.0633707,-76.9571991,Jr General Pedro Silva - Santiago de Surco 15054,-12.1572000,-76.9937934,40.29
El Carrizal 265 - La Molina 15012,-12.0633707,-76.9571991,El Polo 670 - Santiago de Surco 15023,-12.1015854,-76.9705000,12.14
El Carrizal 265 - La Molina 15012,-12.0633707,-76.9571991,Jiron Preciados 314 - Santiago de Surco 15038,-12.1266292,-76.9993891,15.21
El Carrizal 265 - La Molina 15012,-12.0633707,-76.9571991,Policlinico Municipal Surco Salud,-12.0722000,-76.9526652,2.98
Av. la Fontana 955 - La Molina 15024,-12.0733000,-76.9480494,Av. Santiago de Surco 3642 - Santiago de Surco 15049,-12.0664305,-76.9593000,3.95
Av. la Fontana 955 - La Molina 15024,-12.0733000,-76.9480494,Av. Mariscal Ramon Castilla 1395 - Santiago de Surco 15048,-12.1363016,-77.0510150,48.28
Av. la Fontana 955 - La Molina 15024,-12.0733000,-76.9480494,Jr General Pedro Silva - Santiago de Surco 15054,-12.1572000,-76.9937934,38.22
Av. la Fontana 955 - La Molina 15024,-12.0733000,-76.9480494,El Polo 670 - Santiago de Surco 15023,-12.1015854,-76.9705000,7.22
Av. la Fontana 955 - La Molina 15024,-12.0733000,-76.9480494,Jiron Preciados 314 - Santiago de Surco 15038,-12.1266292,-76.9993891,14.81
Av. la Fontana 955 - La Molina 15024,-12.0733000,-76.9480494,Policlinico Municipal Surco Salud,-12.0722000,-76.9526652,1.90
Av. Javier Prado Este 4921 - La Molina 15023,-12.0913212,-76.9510361,Av. Santiago de Surco 3642 - Santiago de Surco 15049,-12.0664305,-76.9593000,5.25
Av. Javier Prado Este 4921 - La Molina 15023,-12.0913212,-76.9510361,Av. Mariscal Ramon Castilla 1395 - Santiago de Surco 15048,-12.1363016,-77.0510150,21.93
Av. Javier Prado Este 4921 - La Molina 15023,-12.0913212,-76.9510361,Jr General Pedro Silva - Santiago de Surco 15054,-12.1572000,-76.9937934,31.42
Av. Javier Prado Este 4921 - La Molina 15023,-12.0913212,-76.9510361,El Polo 670 - Santiago de Surco 15023,-12.1015854,-76.9705000,6.60
Av. Javier Prado Este 4921 - La Molina 15023,-12.0913212,-76.9510361,Jiron Preciados 314 - Santiago de Surco 15038,-12.1266292,-76.9993891,23.95
Av. Javier Prado Este 4921 - La Molina 15023,-12.0913212,-76.9510361,Policlinico Municipal Surco Salud,-12.0722000,-76.9526652,5.76
Calle Toulon 155 - La Molina 15023,-12.0722000,-76.9526652,Av. Santiago de Surco 3642 - Santiago de Surco 15049,-12.0664305,-76.9593000,3.52
Calle Toulon 155 - La Molina 15023,-12.0722000,-76.9526652,Av. Mariscal Ramon Castilla 1395 - Santiago de Surco 15048,-12.1363016,-77.0510150,23.48
Calle Toulon 155 - La Molina 15023,-12.0722000,-76.9526652,Jr General Pedro Silva - Santiago de Surco 15054,-12.1572000,-76.9937934,28.33
Calle Toulon 155 - La Molina 15023,-12.0722000,-76.9526652,El Polo 670 - Santiago de Surco 15023,-12.1015854,-76.9705000,6.87
Calle Toulon 155 - La Molina 15023,-12.0722000,-76.9526652,Jiron Preciados 314 - Santiago de Surco 15038,-12.1266292,-76.9993891,21.52
Calle Toulon 155 - La Molina 15023,-12.0722000,-76.9526652,Policlinico Municipal Surco Salud,-12.1442715,-77.0056793,17.89
Av. Santiago de Surco 3642 - Santiago de Surco 15049,-12.1351000,-76.9967882,LM-119 688 - La Molina 15023,-12.0664305,-76.9593000,23.47
Av. Santiago de Surco 3642 - Santiago de Surco 15049,-12.1351000,-76.9967882,El Carrizal 265 - La Molina 15012,-12.0633707,-76.9571991,32.77
Av. Santiago de Surco 3642 - Santiago de Surco 15049,-12.1351000,-76.9967882,Av. la Fontana 955 - La Molina 15024,-12.0733000,-76.9480494,15.74
Av. Santiago de Surco 3642 - Santiago de Surco 15049,-12.1351000,-76.9967882,Av. Javier Prado Este 4921 - La Molina 15023,-12.0913212,-76.9510361,19.00
Av. Santiago de Surco 3642 - Santiago de Surco 15049,-12.1351000,-76.9967882,894 - Av. Flora Tristan 956 - La Molina 15012,-12.0635850,-76.9453729,17.62
Av. Santiago de Surco 3642 - Santiago de Surco 15049,-12.1351000,-76.9967882,Calle Toulon 155 - La Molina 15023,-12.0722000,-76.9526652,30.73
Av. Mariscal Ramon Castilla 1395 - Santiago de Surco 15048,-12.1363016,-77.0510150,LM-119 688 - La Molina 15023,-12.0664305,-76.9593000,46.12
Av. Mariscal Ramon Castilla 1395 - Santiago de Surco 15048,-12.1363016,-77.0510150,El Carrizal 265 - La Molina 15012,-12.0633707,-76.9571991,23.77
Av. Mariscal Ramon Castilla 1395 - Santiago de Surco 15048,-12.1363016,-77.0510150,Av. la Fontana 955 - La Molina 15024,-12.0733000,-76.9480494,36.21
Av. Mariscal Ramon Castilla 1395 - Santiago de Surco 15048,-12.1363016,-77.0510150,Av. Javier Prado Este 4921 - La Molina 15023,-12.0913212,-76.9510361,21.93
Av. Mariscal Ramon Castilla 1395 - Santiago de Surco 15048,-12.1363016,-77.0510150,894 - Av. Flora Tristan 956 - La Molina 15012,-12.0635850,-76.9453729,25.65
Av. Mariscal Ramon Castilla 1395 - Santiago de Surco 15048,-12.1363016,-77.0510150,Calle Toulon 155 - La Molina 15023,-12.0722000,-76.9526652,35.22
Jr General Pedro Silva - Santiago de Surco 15054,-12.1572000,-76.9937934,LM-119 688 - La Molina 15023,-12.0664305,-76.9593000,29.13
Jr General Pedro Silva - Santiago de Surco 15054,-12.1572000,-76.9937934,El Carrizal 265 - La Molina 15012,-12.0633707,-76.9571991,20.14
Jr General Pedro Silva - Santiago de Surco 15054,-12.1572000,-76.9937934,Av. la Fontana 955 - La Molina 15024,-12.0733000,-76.9480494,38.22
Jr General Pedro Silva - Santiago de Surco 15054,-12.1572000,-76.9937934,Av. Javier Prado Este 4921 - La Molina 15023,-12.0913212,-76.9510361,15.71
Jr General Pedro Silva - Santiago de Surco 15054,-12.1572000,-76.9937934,894 - Av. Flora Tristan 956 - La Molina 15012,-12.0635850,-76.9453729,31.62
Jr General Pedro Silva - Santiago de Surco 15054,-12.1572000,-76.9937934,Calle Toulon 155 - La Molina 15023,-12.0722000,-76.9526652,28.33
El Polo 670 - Santiago de Surco 15023,-12.1015854,-76.9705000,LM-119 688 - La Molina 15023,-12.0664305,-76.9593000,11.07
El Polo 670 - Santiago de Surco 15023,-12.1015854,-76.9705000,El Carrizal 265 - La Molina 15012,-12.0633707,-76.9571991,8.09
El Polo 670 - Santiago de Surco 15023,-12.1015854,-76.9705000,Av. la Fontana 955 - La Molina 15024,-12.0733000,-76.9480494,10.83
El Polo 670 - Santiago de Surco 15023,-12.1015854,-76.9705000,Av. Javier Prado Este 4921 - La Molina 15023,-12.0913212,-76.9510361,4.40
El Polo 670 - Santiago de Surco 15023,-12.1015854,-76.9705000,894 - Av. Flora Tristan 956 - La Molina 15012,-12.0635850,-76.9453729,18.22
El Polo 670 - Santiago de Surco 15023,-12.1015854,-76.9705000,Calle Toulon 155 - La Molina 15023,-12.0722000,-76.9526652,13.75
Jiron Preciados 314 - Santiago de Surco 15038,-12.1266292,-76.9993891,LM-119 688 - La Molina 15023,-12.0664305,-76.9593000,21.70
Jiron Preciados 314 - Santiago de Surco 15038,-12.1266292,-76.9993891,El Carrizal 265 - La Molina 15012,-12.0633707,-76.9571991,15.21
Jiron Preciados 314 - Santiago de Surco 15038,-12.1266292,-76.9993891,Av. la Fontana 955 - La Molina 15024,-12.0733000,-76.9480494,14.81
Jiron Preciados 314 - Santiago de Surco 15038,-12.1266292,-76.9993891,Av. Javier Prado Este 4921 - La Molina 15023,-12.0913212,-76.9510361,23.95
Jiron Preciados 314 - Santiago de Surco 15038,-12.1266292,-76.9993891,894 - Av. Flora Tristan 956 - La Molina 15012,-12.0635850,-76.9453729,33.21
Jiron Preciados 314 - Santiago de Surco 15038,-12.1266292,-76.9993891,Calle Toulon 155 - La Molina 15023,-12.0722000,-76.9526652,28.69
Jr. Almte. Miguel Grau 309 - Santiago de Surco 15049,-12.1442715,-77.0056793,LM-119 688 - La Molina 15023,-12.0664305,-76.9593000,27.18
Jr. Almte. Miguel Grau 309 - Santiago de Surco 15049,-12.1442715,-77.0056793,El Carrizal 265 - La Molina 15012,-12.0633707,-76.9571991,37.73
Jr. Almte. Miguel Grau 309 - Santiago de Surco 15049,-12.1442715,-77.0056793,Av. la Fontana 955 - La Molina 15024,-12.0733000,-76.9480494,18.28
Jr. Almte. Miguel Grau 309 - Santiago de Surco 15049,-12.1442715,-77.0056793,Av. Javier Prado Este 4921 - La Molina 15023,-12.0913212,-76.9510361,30.44
Jr. Almte. Miguel Grau 309 - Santiago de Surco 15049,-12.1442715,-77.0056793,894 - Av. Flora Tristan 956 - La Molina 15012,-12.0635850,-76.9453729,40.29
Jr. Almte. Miguel Grau 309 - Santiago de Surco 15049,-12.1442715,-77.0056793,Calle Toulon 155 - La Molina 15023,-12.0722000,-76.9526652,26.84
Marques de Guadalcazar 160 - Santiago de Surco 15049,-12.1408126,-76.9959465,Av. Andres Tinoco 394 - Santiago de Surco 15039,-12.1432658,-76.9867402,2.86
Marques de Guadalcazar 160 - Santiago de Surco 15049,-12.1408126,-76.9959465,Jr. Morro Solar 110 - Santiago de Surco 15039,-12.1108149,-76.9789928,13.78
Marques de Guadalcazar 160 - Santiago de Surco 15049,-12.1408126,-76.9959465,Av. Aviacion 5092 - Santiago de Surco 15038,-12.1265825,-77.0005071,5.98
Marques de Guadalcazar 160 - Santiago de Surco 15049,-12.1408126,-76.9959465,Av. P. de la Republica 7883 - Santiago de Surco 15049,-12.1428674,-77.0009458,1.62
Marques de Guadalcazar 160 - Santiago de Surco 15049,-12.1408126,-76.9959465,Jiron Tacna 278 - Santiago de Surco 15086,-12.1441202,-77.0036859,3.37
Marques de Guadalcazar 160 - Santiago de Surco 15049,-12.1408126,-76.9959465,Jiron Batallon Callao Sur 187 - Santiago de Surco 15039,-12.1254622,-76.9836052,5.91
Av. Andres Tinoco 394 - Santiago de Surco 15039,-12.1432658,-76.9867402,Marques de Guadalcazar 160 - Santiago de Surco 15049,-12.1408126,-76.9959465,3.81
Av. Andres Tinoco 394 - Santiago de Surco 15039,-12.1432658,-76.9867402,Jr. Morro Solar 110 - Santiago de Surco 15039,-12.1108149,-76.9789928,10.01
Av. Andres Tinoco 394 - Santiago de Surco 15039,-12.1432658,-76.9867402,Av. Aviacion 5092 - Santiago de Surco 15038,-12.1265825,-77.0005071,4.33
Av. Andres Tinoco 394 - Santiago de Surco 15039,-12.1432658,-76.9867402,Av. P. de la Republica 7883 - Santiago de Surco 15049,-12.1428674,-77.0009458,5.68
Av. Andres Tinoco 394 - Santiago de Surco 15039,-12.1432658,-76.9867402,Jiron Tacna 278 - Santiago de Surco 15086,-12.1441202,-77.0036859,3.39
Av. Andres Tinoco 394 - Santiago de Surco 15039,-12.1432658,-76.9867402,Jiron Batallon Callao Sur 187 - Santiago de Surco 15039,-12.1254622,-76.9836052,7.23
Jr. Morro Solar 110 - Santiago de Surco 15039,-12.1108149,-76.9789928,Marques de Guadalcazar 160 - Santiago de Surco 15049,-12.1408126,-76.9959465,6.89
Jr. Morro Solar 110 - Santiago de Surco 15039,-12.1108149,-76.9789928,Av. Andres Tinoco 394 - Santiago de Surco 15039,-12.1432658,-76.9867402,10.01
Jr. Morro Solar 110 - Santiago de Surco 15039,-12.1108149,-76.9789928,Av. Aviacion 5092 - Santiago de Surco 15038,-12.1265825,-77.0005071,8.00
Jr. Morro Solar 110 - Santiago de Surco 15039,-12.1108149,-76.9789928,Av. P. de la Republica 7883 - Santiago de Surco 15049,-12.1428674,-77.0009458,7.77
Jr. Morro Solar 110 - Santiago de Surco 15039,-12.1108149,-76.9789928,Jiron Tacna 278 - Santiago de Surco 15086,-12.1441202,-77.0036859,8.29
Jr. Morro Solar 110 - Santiago de Surco 15039,-12.1108149,-76.9789928,Jiron Batallon Callao Sur 187 - Santiago de Surco 15039,-12.1254622,-76.9836052,3.07
Av. Aviacion 5092 - Santiago de Surco 15038,-12.1265825,-77.0005071,Marques de Guadalcazar 160 - Santiago de Surco 15049,-12.1408126,-76.9959465,2.99
Av. Aviacion 5092 - Santiago de Surco 15038,-12.1265825,-77.0005071,Av. Andres Tinoco 394 - Santiago de Surco 15039,-12.1432658,-76.9867402,4.33
Av. Aviacion 5092 - Santiago de Surco 15038,-12.1265825,-77.0005071,Jr. Morro Solar 110 - Santiago de Surco 15039,-12.1108149,-76.9789928,5.33
Av. Aviacion 5092 - Santiago de Surco 15038,-12.1265825,-77.0005071,Av. P. de la Republica 7883 - Santiago de Surco 15049,-12.1428674,-77.0009458,6.52
Av. Aviacion 5092 - Santiago de Surco 15038,-12.1265825,-77.0005071,Jiron Tacna 278 - Santiago de Surco 15086,-12.1441202,-77.0036859,3.56
Av. Aviacion 5092 - Santiago de Surco 15038,-12.1265825,-77.0005071,Jiron Batallon Callao Sur 187 - Santiago de Surco 15039,-12.1254622,-76.9836052,6.78
Av. P. de la Republica 7883 - Santiago de Surco 15049,-12.1428674,-77.0009458,Marques de Guadalcazar 160 - Santiago de Surco 15049,-12.1408126,-76.9959465,2.16
Av. P. de la Republica 7883 - Santiago de Surco 15049,-12.1428674,-77.0009458,Av. Andres Tinoco 394 - Santiago de Surco 15039,-12.1432658,-76.9867402,4.26
Av. P. de la Republica 7883 - Santiago de Surco 15049,-12.1428674,-77.0009458,Jr. Morro Solar 110 - Santiago de Surco 15039,-12.1108149,-76.9789928,7.77
Av. P. de la Republica 7883 - Santiago de Surco 15049,-12.1428674,-77.0009458,Av. Aviacion 5092 - Santiago de Surco 15038,-12.1265825,-77.0005071,3.26
Av. P. de la Republica 7883 - Santiago de Surco 15049,-12.1428674,-77.0009458,Jiron Tacna 278 - Santiago de Surco 15086,-12.1441202,-77.0036859,1.21
Av. P. de la Republica 7883 - Santiago de Surco 15049,-12.1428674,-77.0009458,Jiron Batallon Callao Sur 187 - Santiago de Surco 15039,-12.1254622,-76.9836052,9.83
Jiron Tacna 278 - Santiago de Surco 15086,-12.1441202,-77.0036859,Marques de Guadalcazar 160 - Santiago de Surco 15049,-12.1408126,-76.9959465,1.68
Jiron Tacna 278 - Santiago de Surco 15086,-12.1441202,-77.0036859,Av. Andres Tinoco 394 - Santiago de Surco 15039,-12.1432658,-76.9867402,6.79
Jiron Tacna 278 - Santiago de Surco 15086,-12.1441202,-77.0036859,Jr. Morro Solar 110 - Santiago de Surco 15039,-12.1108149,-76.9789928,12.44
Jiron Tacna 278 - Santiago de Surco 15086,-12.1441202,-77.0036859,Av. Aviacion 5092 - Santiago de Surco 15038,-12.1265825,-77.0005071,5.35
Jiron Tacna 278 - Santiago de Surco 15086,-12.1441202,-77.0036859,Av. P. de la Republica 7883 - Santiago de Surco 15049,-12.1428674,-77.0009458,0.90
Jiron Tacna 278 - Santiago de Surco 15086,-12.1441202,-77.0036859,Jiron Batallon Callao Sur 187 - Santiago de Surco 15039,-12.1254622,-76.9836052,8.22
Jiron Batallon Callao Sur 187 - Santiago de Surco 15039,-12.1254622,-76.9836052,Marques de Guadalcazar 160 - Santiago de Surco 15049,-12.1408126,-76.9959465,3.94
Jiron Batallon Callao Sur 187 - Santiago de Surco 15039,-12.1254622,-76.9836052,Av. Andres Tinoco 394 - Santiago de Surco 15039,-12.1432658,-76.9867402,7.23
Jiron Batallon Callao Sur 187 - Santiago de Surco 15039,-12.1254622,-76.9836052,Jr. Morro Solar 110 - Santiago de Surco 15039,-12.1108149,-76.9789928,3.07
Jiron Batallon Callao Sur 187 - Santiago de Surco 15039,-12.1254622,-76.9836052,Av. Aviacion 5092 - Santiago de Surco 15038,-12.1265825,-77.0005071,5.08
Jiron Batallon Callao Sur 187 - Santiago de Surco 15039,-12.1254622,-76.9836052,Av. P. de la Republica 7883 - Santiago de Surco 15049,-12.1428674,-77.0009458,9.83
Jiron Batallon Callao Sur 187 - Santiago de Surco 15039,-12.1254622,-76.9836052,Jiron Tacna 278 - Santiago de Surco 15086,-12.1441202,-77.0036859,5.48
C. Natalio Sanchez 140 - Lima 15049,-12.1454583,-77.0091958,Jiron Enrique Leon Garcia 362 - Santiago de Surco 15038,-12.1269371,-76.9957769,6.86
C. Natalio Sanchez 140 - Lima 15049,-12.1454583,-77.0091958,Cerro Azul Urb. San Ignacio - Monterrico 341 - Distrito Surco 15803,-12.1331922,-76.9769132,10.36
C. Natalio Sanchez 140 - Lima 15049,-12.1454583,-77.0091958,Av. Mariscal Ramon Castilla 1395 - Santiago de Surco 15048,-12.1363016,-77.0051015,2.01
C. Natalio Sanchez 140 - Lima 15049,-12.1454583,-77.0091958,Jr. Guardia Civil Sur 245 - Santiago de Surco 15054,-12.1641075,-76.9915236,5.14
C. Natalio Sanchez 140 - Lima 15049,-12.1454583,-77.0091958,Av. Primavera 1236 - Santiago de Surco 15023,-12.1102455,-76.9761918,19.30
C. Natalio Sanchez 140 - Lima 15049,-12.1454583,-77.0091958,Av. del Pinar - Santiago de Surco 15038,-12.1113187,-76.9897701,11.78
Jiron Enrique Leon Garcia 362 - Santiago de Surco 15038,-12.1269371,-76.9957769,C. Natalio Sanchez 140 - Lima 15049,-12.1454583,-77.0091958,9.15
Jiron Enrique Leon Garcia 362 - Santiago de Surco 15038,-12.1269371,-76.9957769,Cerro Azul Urb. San Ignacio - Monterrico 341 - Distrito Surco 15803,-12.1331922,-76.9769132,7.95
Jiron Enrique Leon Garcia 362 - Santiago de Surco 15038,-12.1269371,-76.9957769,Av. Mariscal Ramon Castilla 1395 - Santiago de Surco 15048,-12.1363016,-77.0051015,5.29
Jiron Enrique Leon Garcia 362 - Santiago de Surco 15038,-12.1269371,-76.9957769,Jr. Guardia Civil Sur 245 - Santiago de Surco 15054,-12.1641075,-76.9915236,11.22
Jiron Enrique Leon Garcia 362 - Santiago de Surco 15038,-12.1269371,-76.9957769,Av. Primavera 1236 - Santiago de Surco 15023,-12.1102455,-76.9761918,5.15
Jiron Enrique Leon Garcia 362 - Santiago de Surco 15038,-12.1269371,-76.9957769,Av. del Pinar - Santiago de Surco 15038,-12.1113187,-76.9897701,6.69
Cerro Azul Urb. San Ignacio - Monterrico 341 - Distrito Surco 15803,-12.1331922,-76.9769132,C. Natalio Sanchez 140 - Lima 15049,-12.1454583,-77.0091958,10.36
Cerro Azul Urb. San Ignacio - Monterrico 341 - Distrito Surco 15803,-12.1331922,-76.9769132,Jiron Enrique Leon Garcia 362 - Santiago de Surco 15038,-12.1269371,-76.9957769,7.95
Cerro Azul Urb. San Ignacio - Monterrico 341 - Distrito Surco 15803,-12.1331922,-76.9769132,Av. Mariscal Ramon Castilla 1395 - Santiago de Surco 15048,-12.1363016,-77.0051015,5.67
Cerro Azul Urb. San Ignacio - Monterrico 341 - Distrito Surco 15803,-12.1331922,-76.9769132,Jr. Guardia Civil Sur 245 - Santiago de Surco 15054,-12.1641075,-76.9915236,6.84
Cerro Azul Urb. San Ignacio - Monterrico 341 - Distrito Surco 15803,-12.1331922,-76.9769132,Av. Primavera 1236 - Santiago de Surco 15023,-12.1102455,-76.9761918,6.89
Cerro Azul Urb. San Ignacio - Monterrico 341 - Distrito Surco 15803,-12.1331922,-76.9769132,Av. del Pinar - Santiago de Surco 15038,-12.1113187,-76.9897701,10.15
Av. Mariscal Ramon Castilla 1395 - Santiago de Surco 15048,-12.1363016,-77.0051015,C. Natalio Sanchez 140 - Lima 15049,-12.1454583,-77.0091958,4.01
Av. Mariscal Ramon Castilla 1395 - Santiago de Surco 15048,-12.1363016,-77.0051015,Jiron Enrique Leon Garcia 362 - Santiago de Surco 15038,-12.1269371,-76.9957769,5.29
Av. Mariscal Ramon Castilla 1395 - Santiago de Surco 15048,-12.1363016,-77.0051015,Cerro Azul Urb. San Ignacio - Monterrico 341 - Distrito Surco 15803,-12.1331922,-76.9769132,11.34
Av. Mariscal Ramon Castilla 1395 - Santiago de Surco 15048,-12.1363016,-77.0051015,Jr. Guardia Civil Sur 245 - Santiago de Surco 15054,-12.1641075,-76.9915236,9.28
Av. Mariscal Ramon Castilla 1395 - Santiago de Surco 15048,-12.1363016,-77.0051015,Av. Primavera 1236 - Santiago de Surco 15023,-12.1102455,-76.9761918,7.78
Av. Mariscal Ramon Castilla 1395 - Santiago de Surco 15048,-12.1363016,-77.0051015,Av. del Pinar - Santiago de Surco 15038,-12.1113187,-76.9897701,11.72
Jr. Guardia Civil Sur 245 - Santiago de Surco 15054,-12.1641075,-76.9915236,C. Natalio Sanchez 140 - Lima 15049,-12.1454583,-77.0091958,7.71
Jr. Guardia Civil Sur 245 - Santiago de Surco 15054,-12.1641075,-76.9915236,Jiron Enrique Leon Garcia 362 - Santiago de Surco 15038,-12.1269371,-76.9957769,7.48
Jr. Guardia Civil Sur 245 - Santiago de Surco 15054,-12.1641075,-76.9915236,Cerro Azul Urb. San Ignacio - Monterrico 341 - Distrito Surco 15803,-12.1331922,-76.9769132,6.84
Jr. Guardia Civil Sur 245 - Santiago de Surco 15054,-12.1641075,-76.9915236,Av. Mariscal Ramon Castilla 1395 - Santiago de Surco 15048,-12.1363016,-77.0051015,6.19
Jr. Guardia Civil Sur 245 - Santiago de Surco 15054,-12.1641075,-76.9915236,Av. Primavera 1236 - Santiago de Surco 15023,-12.1102455,-76.9761918,16.80
Jr. Guardia Civil Sur 245 - Santiago de Surco 15054,-12.1641075,-76.9915236,Av. del Pinar - Santiago de Surco 15038,-12.1113187,-76.9897701,10.56
Av. Primavera 1236 - Santiago de Surco 15023,-12.1102455,-76.9761918,C. Natalio Sanchez 140 - Lima 15049,-12.1454583,-77.0091958,14.48
Av. Primavera 1236 - Santiago de Surco 15023,-12.1102455,-76.9761918,Jiron Enrique Leon Garcia 362 - Santiago de Surco 15038,-12.1269371,-76.9957769,5.15
Av. Primavera 1236 - Santiago de Surco 15023,-12.1102455,-76.9761918,Cerro Azul Urb. San Ignacio - Monterrico 341 - Distrito Surco 15803,-12.1331922,-76.9769132,4.59
Av. Primavera 1236 - Santiago de Surco 15023,-12.1102455,-76.9761918,Av. Mariscal Ramon Castilla 1395 - Santiago de Surco 15048,-12.1363016,-77.0051015,7.78
Av. Primavera 1236 - Santiago de Surco 15023,-12.1102455,-76.9761918,Jr. Guardia Civil Sur 245 - Santiago de Surco 15054,-12.1641075,-76.9915236,22.40
Av. Primavera 1236 - Santiago de Surco 15023,-12.1102455,-76.9761918,Av. del Pinar - Santiago de Surco 15038,-12.1113187,-76.9897701,2.72
Av. del Pinar - Santiago de Surco 15038,-12.1113187,-76.9897701,C. Natalio Sanchez 140 - Lima 15049,-12.1454583,-77.0091958,11.78
Av. del Pinar - Santiago de Surco 15038,-12.1113187,-76.9897701,Jiron Enrique Leon Garcia 362 - Santiago de Surco 15038,-12.1269371,-76.9957769,3.35
Av. del Pinar - Santiago de Surco 15038,-12.1113187,-76.9897701,Cerro Azul Urb. San Ignacio - Monterrico 341 - Distrito Surco 15803,-12.1331922,-76.9769132,5.07
Av. del Pinar - Santiago de Surco 15038,-12.1113187,-76.9897701,Av. Mariscal Ramon Castilla 1395 - Santiago de Surco 15048,-12.1363016,-77.0051015,8.79
Av. del Pinar - Santiago de Surco 15038,-12.1113187,-76.9897701,Jr. Guardia Civil Sur 245 - Santiago de Surco 15054,-12.1641075,-76.9915236,10.56
Av. del Pinar - Santiago de Surco 15038,-12.1113187,-76.9897701,Av. Primavera 1236 - Santiago de Surco 15023,-12.1102455,-76.9761918,5.45
Av. Manuel Olguin 335 - Santiago de Surco 15023,-12.0885766,-76.9733866,H Lt. 10  Av. Guardia Civil Sur 1 Mz - Santiago de Surco 15054,-12.1650032,-76.9905141,31.33
Av. Manuel Olguin 335 - Santiago de Surco 15023,-12.0885766,-76.9733866,Av. Guardia Civil Sur Mz A Lt.1 - Santiago de Surco 15023,-12.1662187,-76.9904461,23.85
Av. Manuel Olguin 335 - Santiago de Surco 15023,-12.0885766,-76.9733866,Santiago de Surco 15038,-12.1115771,-76.9926783,9.01
Av. Manuel Olguin 335 - Santiago de Surco 15023,-12.0885766,-76.9733866,Cerro Azul Urb. San Ignacio - Monterrico 341 - Distrito Surco 15803,-12.1331922,-76.9769132,13.43
Av. Manuel Olguin 335 - Santiago de Surco 15023,-12.0885766,-76.9733866,Av. Santiago de Surco 4703 - Santiago de Surco 15039,-12.1446214,-76.9889616,11.63
Av. Manuel Olguin 335 - Santiago de Surco 15023,-12.0885766,-76.9733866,Av. Jorge Chavez 1396 - Santiago de Surco 15063,-12.1505431,-77.0067596,14.08
H Lt. 10  Av. Guardia Civil Sur 1 Mz - Santiago de Surco 15054,-12.1650032,-76.9905141,Av. Manuel Olguin 335 - Santiago de Surco 15023,-12.0885766,-76.9733866,23.50
H Lt. 10  Av. Guardia Civil Sur 1 Mz - Santiago de Surco 15054,-12.1650032,-76.9905141,Av. Guardia Civil Sur Mz A Lt.1 - Santiago de Surco 15023,-12.1662187,-76.9904461,0.37
H Lt. 10  Av. Guardia Civil Sur 1 Mz - Santiago de Surco 15054,-12.1650032,-76.9905141,Santiago de Surco 15038,-12.1115771,-76.9926783,16.04
H Lt. 10  Av. Guardia Civil Sur 1 Mz - Santiago de Surco 15054,-12.1650032,-76.9905141,Cerro Azul Urb. San Ignacio - Monterrico 341 - Distrito Surco 15803,-12.1331922,-76.9769132,13.84
H Lt. 10  Av. Guardia Civil Sur 1 Mz - Santiago de Surco 15054,-12.1650032,-76.9905141,Av. Santiago de Surco 4703 - Santiago de Surco 15039,-12.1446214,-76.9889616,6.13
H Lt. 10  Av. Guardia Civil Sur 1 Mz - Santiago de Surco 15054,-12.1650032,-76.9905141,Av. Jorge Chavez 1396 - Santiago de Surco 15063,-12.1505431,-77.0067596,6.52
Av. Guardia Civil Sur Mz A Lt.1 - Santiago de Surco 15023,-12.1662187,-76.9904461,Av. Manuel Olguin 335 - Santiago de Surco 15023,-12.0885766,-76.9733866,15.90
Av. Guardia Civil Sur Mz A Lt.1 - Santiago de Surco 15023,-12.1662187,-76.9904461,H Lt. 10  Av. Guardia Civil Sur 1 Mz - Santiago de Surco 15054,-12.1650032,-76.9905141,0.37
Av. Guardia Civil Sur Mz A Lt.1 - Santiago de Surco 15023,-12.1662187,-76.9904461,Santiago de Surco 15038,-12.1115771,-76.9926783,10.94
Av. Guardia Civil Sur Mz A Lt.1 - Santiago de Surco 15023,-12.1662187,-76.9904461,Cerro Azul Urb. San Ignacio - Monterrico 341 - Distrito Surco 15803,-12.1331922,-76.9769132,7.14
Av. Guardia Civil Sur Mz A Lt.1 - Santiago de Surco 15023,-12.1662187,-76.9904461,Av. Santiago de Surco 4703 - Santiago de Surco 15039,-12.1446214,-76.9889616,8.66
Av. Guardia Civil Sur Mz A Lt.1 - Santiago de Surco 15023,-12.1662187,-76.9904461,Av. Jorge Chavez 1396 - Santiago de Surco 15063,-12.1505431,-77.0067596,9.05
Santiago de Surco 15038,-12.1115771,-76.9926783,Av. Manuel Olguin 335 - Santiago de Surco 15023,-12.0885766,-76.9733866,12.01
Santiago de Surco 15038,-12.1115771,-76.9926783,H Lt. 10  Av. Guardia Civil Sur 1 Mz - Santiago de Surco 15054,-12.1650032,-76.9905141,21.39
Santiago de Surco 15038,-12.1115771,-76.9926783,Av. Guardia Civil Sur Mz A Lt.1 - Santiago de Surco 15023,-12.1662187,-76.9904461,10.94
Santiago de Surco 15038,-12.1115771,-76.9926783,Cerro Azul Urb. San Ignacio - Monterrico 341 - Distrito Surco 15803,-12.1331922,-76.9769132,5.35
Santiago de Surco 15038,-12.1115771,-76.9926783,Av. Santiago de Surco 4703 - Santiago de Surco 15039,-12.1446214,-76.9889616,6.65
Santiago de Surco 15038,-12.1115771,-76.9926783,Av. Jorge Chavez 1396 - Santiago de Surco 15063,-12.1505431,-77.0067596,8.29
Cerro Azul Urb. San Ignacio - Monterrico 341 - Distrito Surco 15803,-12.1331922,-76.9769132,Av. Manuel Olguin 335 - Santiago de Surco 15023,-12.0885766,-76.9733866,13.43
Cerro Azul Urb. San Ignacio - Monterrico 341 - Distrito Surco 15803,-12.1331922,-76.9769132,H Lt. 10  Av. Guardia Civil Sur 1 Mz - Santiago de Surco 15054,-12.1650032,-76.9905141,10.38
Cerro Azul Urb. San Ignacio - Monterrico 341 - Distrito Surco 15803,-12.1331922,-76.9769132,Av. Guardia Civil Sur Mz A Lt.1 - Santiago de Surco 15023,-12.1662187,-76.9904461,7.14
Cerro Azul Urb. San Ignacio - Monterrico 341 - Distrito Surco 15803,-12.1331922,-76.9769132,Santiago de Surco 15038,-12.1115771,-76.9926783,10.70
Cerro Azul Urb. San Ignacio - Monterrico 341 - Distrito Surco 15803,-12.1331922,-76.9769132,Av. Santiago de Surco 4703 - Santiago de Surco 15039,-12.1446214,-76.9889616,3.32
Cerro Azul Urb. San Ignacio - Monterrico 341 - Distrito Surco 15803,-12.1331922,-76.9769132,Av. Jorge Chavez 1396 - Santiago de Surco 15063,-12.1505431,-77.0067596,6.90
Av. Santiago de Surco 4703 - Santiago de Surco 15039,-12.1446214,-76.9889616,Av. Manuel Olguin 335 - Santiago de Surco 15023,-12.0885766,-76.9733866,23.27
Av. Santiago de Surco 4703 - Santiago de Surco 15039,-12.1446214,-76.9889616,H Lt. 10  Av. Guardia Civil Sur 1 Mz - Santiago de Surco 15054,-12.1650032,-76.9905141,8.18
Av. Santiago de Surco 4703 - Santiago de Surco 15039,-12.1446214,-76.9889616,Av. Guardia Civil Sur Mz A Lt.1 - Santiago de Surco 15023,-12.1662187,-76.9904461,6.49
Av. Santiago de Surco 4703 - Santiago de Surco 15039,-12.1446214,-76.9889616,Santiago de Surco 15038,-12.1115771,-76.9926783,13.30
Av. Santiago de Surco 4703 - Santiago de Surco 15039,-12.1446214,-76.9889616,Cerro Azul Urb. San Ignacio - Monterrico 341 - Distrito Surco 15803,-12.1331922,-76.9769132,6.64
Av. Santiago de Surco 4703 - Santiago de Surco 15039,-12.1446214,-76.9889616,Av. Jorge Chavez 1396 - Santiago de Surco 15063,-12.1505431,-77.0067596,3.75
Av. Jorge Chavez 1396 - Santiago de Surco 15063,-12.1505431,-77.0067596,Av. Manuel Olguin 335 - Santiago de Surco 15023,-12.0885766,-76.9733866,21.11
Av. Jorge Chavez 1396 - Santiago de Surco 15063,-12.1505431,-77.0067596,H Lt. 10  Av. Guardia Civil Sur 1 Mz - Santiago de Surco 15054,-12.1650032,-76.9905141,8.70
Av. Jorge Chavez 1396 - Santiago de Surco 15063,-12.1505431,-77.0067596,Santiago de Surco 15038,-12.1115771,-76.9926783,12.43
Av. Jorge Chavez 1396 - Santiago de Surco 15063,-12.1505431,-77.0067596,Av. Guardia Civil Sur Mz A Lt.1 - Santiago de Surco 15023,-12.1662187,-76.9904461,9.05
Av. Jorge Chavez 1396 - Santiago de Surco 15063,-12.1505431,-77.0067596,Cerro Azul Urb. San Ignacio - Monterrico 341 - Distrito Surco 15803,-12.1331922,-76.9769132,10.36
Av. Jorge Chavez 1396 - Santiago de Surco 15063,-12.1505431,-77.0067596,Av. Santiago de Surco 4703 - Santiago de Surco 15039,-12.1446214,-76.9889616,5.63
